{
  "message": "Successfully got prediction",
  "prediction": [
    {
      "co": 0.4,
      "co_predicted": 0.5,
      "latitude": 10.776415,
      "longitude": 106.687955,
      "no": null,
      "no2": 18.2,
      "no2_predicted": 17.8,
      "no_predicted": null,
      "o3": 32.0,
      "o3_predicted": 31.5,
      "pm10": 78.9,
      "pm10_predicted": 80.2,
      "pm25": 46.6,
      "pm25_predicted": 46.0,
      "so2": 5.1,
      "so2_predicted": 5.3,
      "station_id": "215",
      "timestamp": "Wed, 24 Sep 2025 20:00:00 GMT"
    }
  ]
},

{
  "00h": {"CO": 0.35, "NO2": 22.4, "NO": 3.1, "O3": 12.8, "PM10": 54.2, "PM2.5": 28.7, "SO2": 4.4},
  "01h": {"CO": 0.33, "NO2": 20.7, "NO": 2.9, "O3": 11.5, "PM10": 52.1, "PM2.5": 27.4, "SO2": 4.2},
  "02h": {"CO": 0.32, "NO2": 19.1, "NO": 2.5, "O3": 10.9, "PM10": 50.3, "PM2.5": 26.8, "SO2": 4.1},
  "03h": {"CO": 0.34, "NO2": 21.5, "NO": 2.7, "O3": 11.0, "PM10": 52.6, "PM2.5": 27.9, "SO2": 4.3},
  "04h": {"CO": 0.38, "NO2": 25.2, "NO": 3.6, "O3": 12.0, "PM10": 56.8, "PM2.5": 30.1, "SO2": 4.7},
  "05h": {"CO": 0.42, "NO2": 28.9, "NO": 4.2, "O3": 13.8, "PM10": 60.4, "PM2.5": 32.3, "SO2": 5.0},
  "06h": {"CO": 0.55, "NO2": 38.5, "NO": 6.8, "O3": 15.4, "PM10": 70.2, "PM2.5": 38.1, "SO2": 6.4},
  "07h": {"CO": 0.72, "NO2": 52.3, "NO": 9.5, "O3": 18.6, "PM10": 88.6, "PM2.5": 50.7, "SO2": 7.3},
  "08h": {"CO": 0.81, "NO2": 60.8, "NO": 10.8, "O3": 20.1, "PM10": 96.4, "PM2.5": 56.8, "SO2": 7.9},
  "09h": {"CO": 0.76, "NO2": 55.2, "NO": 9.2, "O3": 22.9, "PM10": 92.1, "PM2.5": 52.3, "SO2": 7.1},
  "10h": {"CO": 0.62, "NO2": 40.1, "NO": 5.1, "O3": 34.5, "PM10": 78.3, "PM2.5": 42.5, "SO2": 5.8},
  "11h": {"CO": 0.58, "NO2": 35.4, "NO": 4.2, "O3": 41.2, "PM10": 75.0, "PM2.5": 40.2, "SO2": 5.6},
  "12h": {"CO": 0.55, "NO2": 30.8, "NO": 3.8, "O3": 47.6, "PM10": 71.4, "PM2.5": 38.1, "SO2": 5.4},
  "13h": {"CO": 0.53, "NO2": 28.2, "NO": 3.1, "O3": 49.8, "PM10": 69.5, "PM2.5": 36.7, "SO2": 5.3},
  "14h": {"CO": 0.50, "NO2": 26.4, "NO": 2.9, "O3": 51.2, "PM10": 67.8, "PM2.5": 35.4, "SO2": 5.1},
  "15h": {"CO": 0.48, "NO2": 24.7, "NO": 2.5, "O3": 48.3, "PM10": 66.1, "PM2.5": 34.9, "SO2": 5.0},
  "16h": {"CO": 0.52, "NO2": 33.5, "NO": 4.0, "O3": 39.1, "PM10": 74.6, "PM2.5": 40.8, "SO2": 6.0},
  "17h": {"CO": 0.70, "NO2": 49.7, "NO": 7.6, "O3": 32.8, "PM10": 91.8, "PM2.5": 53.2, "SO2": 7.4},
  "18h": {"CO": 0.84, "NO2": 61.2, "NO": 9.9, "O3": 25.5, "PM10": 102.4, "PM2.5": 60.7, "SO2": 8.1},
  "19h": {"CO": 0.78, "NO2": 58.1, "NO": 8.5, "O3": 22.1, "PM10": 97.5, "PM2.5": 57.3, "SO2": 7.7},
  "20h": {"CO": 0.65, "NO2": 42.8, "NO": 6.2, "O3": 18.4, "PM10": 82.1, "PM2.5": 45.6, "SO2": 6.2},
  "21h": {"CO": 0.58, "NO2": 36.5, "NO": 5.0, "O3": 15.3, "PM10": 75.4, "PM2.5": 41.3, "SO2": 5.7},
  "22h": {"CO": 0.52, "NO2": 30.4, "NO": 4.4, "O3": 14.0, "PM10": 68.2, "PM2.5": 38.5, "SO2": 5.4},
  "23h": {"CO": 0.46, "NO2": 26.7, "NO": 3.9, "O3": 13.4, "PM10": 63.8, "PM2.5": 36.1, "SO2": 5.1}
}
